{
    "email": "kshtiz123@gmail.com",
    "dwell_threshold": 0.005347666999482302,
    "flight_threshold": 0.0024506932590118227
}